{"minzoom":0,"maxzoom":8,"center":[114.502443,22.56833,8.0],"bounds":[113.817107,22.136727,114.502443,22.56833]}