{"minzoom":0,"maxzoom":9,"center":[114.257812,22.268386,9.0],"bounds":[113.817107,22.136727,114.502443,22.56833]}